id,scenario_signature_group,label
0,0,0
1,1,0
2,2,0
3,3,0
4,2,0
5,4,0
6,5,0
7,2,0
8,6,0
9,7,0
10,8,0
11,9,0
12,2,0
13,10,0
14,11,0
15,12,0
16,11,0
17,13,0
18,14,0
19,15,0
20,16,0
21,17,0
22,2,0
23,7,0
24,18,0
25,11,0
26,11,0
27,11,0
28,0,0
29,19,0
30,11,0
31,20,0
32,7,0
33,21,0
34,22,0
35,23,0
36,2,0
37,2,0
38,15,0
39,12,0
40,11,0
41,11,0
42,21,0
43,0,0
44,24,0
45,1,0
46,11,0
47,25,0
48,17,0
49,7,0
50,1,0
51,26,0
52,14,0
53,3,0
54,27,0
55,28,0
56,1,0
57,1,0
58,7,0
59,29,0
60,30,0
61,3,0
62,11,0
63,7,0
64,2,0
65,11,0
66,31,0
67,32,0
68,2,0
69,17,0
70,23,0
71,23,0
72,33,0
73,34,0
74,35,0
75,36,0
76,37,0
77,21,0
78,11,0
79,7,0
80,23,0
81,21,0
82,38,0
83,39,0
84,14,0
85,2,0
86,40,0
87,2,0
88,41,0
89,42,0
90,6,0
91,43,0
92,11,0
93,11,0
94,44,0
95,45,0
96,46,0
97,11,0
98,12,0
99,23,0
100,47,0
101,48,0
102,49,0
103,50,0
104,23,0
105,51,0
106,25,0
107,14,0
108,27,0
109,12,0
110,23,0
111,52,0
112,11,0
113,53,0
114,54,0
115,55,0
116,39,0
117,14,0
118,38,0
119,11,0
120,2,0
121,10,0
122,56,0
123,22,0
124,57,0
125,21,0
126,11,0
127,58,0
128,59,0
129,15,0
130,60,0
131,2,0
132,14,0
133,61,0
134,21,0
135,0,0
136,11,0
137,45,0
138,14,0
139,62,0
140,63,0
141,7,0
142,11,0
143,64,0
144,12,0
145,11,0
146,54,0
147,19,0
148,11,0
149,2,0
150,39,0
151,57,0
152,11,0
153,43,0
154,23,0
155,65,0
156,21,0
157,56,0
158,0,0
159,54,0
160,2,0
161,66,0
162,23,0
163,20,0
164,1,0
165,18,0
166,48,0
167,2,0
168,67,0
169,2,0
170,2,0
171,68,0
172,11,0
173,2,0
174,48,0
175,1,0
176,12,0
177,69,0
178,11,0
179,11,0
180,70,0
181,66,0
182,12,0
183,17,0
184,17,0
185,48,0
186,18,0
187,23,0
188,12,0
189,7,0
190,1,0
191,11,0
192,11,0
193,12,0
194,7,0
195,2,0
196,71,0
197,72,0
198,11,0
199,23,0
200,73,0
201,11,0
202,11,0
203,11,0
204,0,0
205,9,0
206,17,0
207,74,0
208,7,0
209,38,0
210,6,0
211,39,0
212,6,0
213,39,0
214,75,0
215,2,0
216,76,0
217,48,0
218,14,0
219,49,0
220,7,0
221,77,0
222,78,0
223,11,0
224,1,0
225,21,0
226,79,0
227,11,0
228,1,0
229,11,0
230,45,0
231,63,0
232,80,0
233,38,0
234,81,0
235,82,0
236,39,0
237,17,0
238,83,0
239,84,0
240,12,0
241,15,0
242,11,0
243,7,0
244,85,0
245,1,0
246,15,0
247,17,0
248,2,0
249,86,0
250,67,0
251,83,0
252,87,0
253,88,0
254,12,0
255,89,0
256,12,0
257,23,0
258,2,0
259,3,0
260,2,0
261,11,0
262,69,0
263,1,0
264,11,0
265,17,0
266,2,0
267,2,0
268,20,0
269,12,0
270,12,0
271,11,0
272,90,0
273,11,0
274,20,0
275,1,0
276,47,0
277,11,0
278,17,0
279,79,0
280,1,0
281,2,0
282,61,0
283,91,0
284,0,0
285,21,0
286,52,0
287,11,0
288,4,0
289,12,0
290,12,0
291,18,0
292,57,0
293,1,0
294,92,0
295,14,0
296,93,0
297,49,0
298,23,0
299,14,0
300,23,0
301,7,0
302,0,0
303,94,0
304,1,0
305,2,0
306,1,0
307,11,0
308,57,0
309,11,0
310,95,0
311,96,0
312,11,0
313,97,0
314,14,0
315,38,0
316,98,0
317,28,0
318,99,0
319,7,0
320,54,0
321,1,0
322,0,0
323,11,0
324,23,0
325,38,0
326,23,0
327,100,0
328,2,0
329,17,0
330,14,0
331,101,0
332,2,0
333,11,0
334,11,0
335,102,0
336,103,0
337,11,0
338,0,0
339,12,0
340,39,0
341,94,0
342,39,0
343,2,0
344,92,0
345,21,0
346,2,0
347,7,0
348,7,0
349,14,0
350,83,0
351,15,0
352,0,0
353,2,0
354,1,0
355,2,0
356,49,0
357,2,0
358,48,0
359,46,0
360,67,0
361,2,0
362,11,0
363,104,0
364,14,0
365,57,0
366,105,0
367,52,0
368,14,0
369,106,0
370,39,0
371,12,0
372,14,0
373,2,0
374,30,0
375,107,0
376,67,0
377,12,0
378,11,0
379,11,0
380,108,0
381,47,0
382,7,0
383,11,0
384,2,0
385,2,0
386,1,0
387,11,0
388,57,0
389,12,0
390,11,0
391,1,0
392,109,0
393,23,0
394,11,0
395,31,0
396,110,0
397,111,0
398,38,0
399,40,0
400,112,0
401,6,0
402,3,0
403,113,0
404,11,0
405,12,0
406,1,0
407,11,0
408,30,0
409,9,0
410,0,0
411,2,0
412,17,0
413,14,0
414,11,0
415,12,0
416,2,0
417,1,0
418,14,0
419,114,0
420,9,0
421,11,0
422,115,0
423,43,0
424,112,0
425,23,0
426,23,0
427,17,0
428,2,0
429,112,0
430,2,0
431,55,0
432,21,0
433,0,0
434,116,0
435,117,0
436,87,0
437,38,0
438,46,0
439,118,0
440,113,0
441,11,0
442,23,0
443,11,0
444,119,0
445,120,0
446,25,0
447,23,0
448,121,0
449,122,0
450,23,0
451,123,0
452,6,0
453,2,0
454,7,0
455,58,0
456,16,0
457,16,0
458,23,0
459,87,0
460,40,0
461,58,0
462,124,0
463,43,0
464,125,0
465,82,0
466,11,0
467,126,0
468,11,0
469,52,0
470,66,0
471,11,0
472,2,0
473,113,0
474,127,0
475,40,0
476,58,0
477,71,0
478,38,0
479,92,0
480,23,0
481,5,0
482,82,0
483,11,0
484,126,0
485,23,0
486,35,0
487,128,0
488,23,0
489,82,0
490,67,0
491,43,0
492,78,0
493,2,0
494,52,0
495,129,0
496,2,0
497,130,0
498,2,0
499,11,0
500,117,0
501,58,0
502,128,0
503,23,0
504,101,0
505,48,0
506,14,0
507,131,0
508,38,0
509,132,0
510,30,0
511,19,0
512,11,0
513,133,0
514,109,0
515,0,0
516,11,0
517,11,0
518,54,0
519,48,0
520,45,0
521,128,0
522,83,0
523,11,0
524,11,0
525,42,0
526,55,0
527,134,0
528,11,0
529,11,0
530,135,0
531,113,0
532,136,0
533,39,0
534,2,0
535,2,0
536,2,0
537,137,0
538,83,0
539,7,0
540,7,0
541,11,0
542,97,0
543,43,0
544,112,0
545,114,0
546,138,0
547,2,0
548,6,0
549,96,0
550,139,0
551,25,0
552,140,0
553,2,0
554,52,0
555,14,0
556,11,0
557,11,0
558,19,0
559,63,0
560,11,0
561,141,0
562,142,0
563,128,0
564,23,0
565,23,0
566,2,0
567,75,0
568,143,0
569,2,0
570,25,0
571,92,0
572,144,0
573,39,0
574,92,0
575,43,0
576,0,0
577,11,0
578,100,0
579,1,0
580,4,0
581,9,0
582,4,0
583,21,0
584,71,0
585,145,0
586,146,0
587,12,0
588,14,0
589,11,0
590,81,0
591,47,0
592,2,0
593,147,0
594,60,0
595,2,0
596,17,0
597,14,0
598,148,0
599,11,0
600,2,0
601,23,0
602,12,0
603,12,0
604,50,0
605,11,0
606,11,0
607,6,0
608,11,0
609,39,0
610,48,0
611,6,0
612,11,0
613,75,0
614,12,0
615,15,0
616,149,0
617,43,0
618,2,0
619,38,0
620,69,0
621,2,0
622,51,0
623,12,0
624,48,0
625,69,0
626,123,0
627,150,0
628,107,0
629,83,0
630,151,0
631,152,0
632,67,0
633,11,0
634,78,0
635,12,0
636,71,0
637,52,0
638,11,0
639,47,0
640,81,0
641,12,0
642,11,0
643,153,0
644,154,0
645,4,0
646,14,0
647,7,0
648,111,0
649,155,0
650,11,0
651,156,0
652,9,0
653,1,0
654,12,0
655,13,0
656,55,0
657,129,0
658,2,0
659,11,0
660,111,0
661,48,0
662,61,0
663,2,0
664,14,0
665,157,0
666,129,0
667,11,0
668,158,0
669,159,0
670,141,0
671,58,0
672,17,0
673,23,0
674,23,0
675,113,0
676,160,0
677,83,0
678,78,0
679,161,0
680,82,0
681,58,0
682,17,0
683,11,0
684,7,0
685,23,0
686,162,0
687,19,0
688,163,0
689,9,0
690,164,0
691,165,0
692,14,0
693,21,0
694,166,0
695,8,0
696,165,0
697,3,0
698,23,0
699,2,0
700,39,0
701,81,0
702,2,0
703,2,0
704,39,0
705,13,0
706,167,0
707,27,0
708,11,0
709,45,0
710,2,0
711,78,0
712,14,0
713,1,0
714,11,0
715,23,0
716,168,0
717,2,0
718,2,0
719,169,0
720,9,0
721,11,0
722,11,0
723,170,0
724,17,0
725,171,0
726,172,0
727,39,0
728,11,0
729,1,0
730,1,0
731,23,0
732,173,0
733,2,0
734,133,0
735,7,0
736,21,0
737,2,0
738,67,0
739,14,0
740,2,0
741,2,0
742,14,0
743,173,0
744,11,0
745,174,0
746,12,0
747,40,0
748,99,0
749,1,0
750,117,0
751,23,0
752,28,0
753,113,0
754,4,0
755,2,0
756,175,0
757,112,0
758,11,0
759,113,0
760,11,0
761,23,0
762,38,0
763,11,0
764,176,0
765,12,0
766,1,0
767,14,0
768,11,0
769,11,0
770,2,0
771,58,0
772,17,0
773,113,0
774,177,0
775,6,0
776,0,0
777,128,0
778,128,0
779,83,0
780,39,0
781,23,0
782,82,0
783,8,0
784,23,0
785,48,0
786,152,0
787,58,0
788,11,0
789,11,0
790,17,0
791,11,0
792,2,0
793,11,0
794,2,0
795,52,0
796,2,0
797,1,0
798,7,0
799,4,0
800,178,0
801,160,0
802,48,0
803,179,0
804,39,0
805,38,0
806,75,0
807,1,0
808,180,0
809,100,0
810,1,0
811,11,0
812,11,0
813,11,0
814,11,0
815,67,0
816,63,0
817,2,0
818,7,0
819,152,0
820,181,0
821,11,0
822,182,0
823,61,0
824,11,0
825,58,0
826,17,0
827,0,0
828,110,0
829,21,0
830,12,0
831,2,0
832,11,0
833,183,0
834,6,0
835,184,0
836,185,0
837,46,0
838,40,0
839,75,0
840,58,0
841,11,0
842,11,0
843,185,0
844,2,0
845,0,0
846,78,0
847,186,0
848,23,0
849,187,0
850,78,0
851,23,0
852,7,0
853,11,0
854,23,0
855,82,0
856,55,0
857,113,0
858,71,0
859,6,0
860,48,0
861,109,0
862,75,0
863,112,0
864,19,0
865,2,0
866,78,0
867,188,0
868,2,0
869,121,0
870,58,0
871,58,0
872,11,0
873,17,0
874,189,0
875,78,0
876,13,0
877,11,0
878,48,0
879,2,0
880,92,0
881,44,0
882,94,0
883,111,0
884,12,0
885,190,0
886,101,0
887,43,0
888,22,0
889,11,0
890,114,0
891,1,0
892,191,0
893,92,0
894,58,0
895,46,0
896,121,0
897,92,0
898,160,0
899,25,0
900,1,0
901,192,0
902,17,0
903,78,0
904,48,0
905,193,0
906,58,0
907,11,0
908,11,0
909,129,0
910,111,0
911,129,0
912,111,0
913,48,0
914,2,0
915,7,0
916,100,0
917,116,0
918,23,0
919,11,0
920,11,0
921,58,0
922,17,0
923,58,0
924,194,0
925,141,0
926,61,0
927,20,0
928,195,0
929,120,0
930,48,0
931,101,0
932,48,0
933,196,0
934,197,0
935,40,0
936,43,0
937,157,0
938,141,0
939,23,0
940,81,0
941,152,0
942,7,0
943,11,0
944,111,0
945,28,0
946,48,0
947,2,0
948,198,0
949,100,0
950,109,0
951,3,0
952,134,0
953,169,0
954,109,0
955,58,0
956,78,0
957,199,0
958,11,0
959,78,0
960,83,0
961,192,0
962,11,0
963,18,0
964,7,0
965,200,0
966,133,0
967,129,0
968,2,0
969,1,0
970,1,0
971,0,0
972,17,0
973,11,0
974,2,0
975,2,0
976,0,0
977,11,0
978,1,0
979,134,0
980,138,0
981,114,0
982,2,0
983,201,0
984,11,0
985,14,0
986,0,0
987,21,0
988,83,0
989,7,0
990,75,0
991,78,0
992,83,0
993,201,0
994,202,0
995,67,0
996,78,0
997,1,0
998,17,0
999,203,0
1000,58,0
1001,8,0
1002,17,0
1003,82,0
1004,46,0
1005,204,0
1006,2,0
1007,11,0
1008,2,0
1009,11,0
1010,111,0
1011,71,0
1012,57,0
1013,1,0
1014,111,0
1015,11,0
1016,2,0
1017,11,0
1018,38,0
1019,21,0
1020,75,0
1021,196,0
1022,205,0
1023,100,0
1024,1,0
1025,191,0
1026,43,0
1027,11,0
1028,2,0
1029,0,0
1030,129,0
1031,12,0
1032,49,0
1033,11,0
1034,17,0
1035,11,0
1036,11,0
1037,11,0
1038,1,0
1039,2,0
1040,206,0
1041,207,0
1042,208,0
1043,11,0
1044,141,0
1045,12,0
1046,11,0
1047,67,0
1048,11,0
1049,129,0
1050,1,0
1051,21,0
1052,1,0
1053,52,0
1054,2,0
1055,18,0
1056,156,0
1057,2,0
1058,185,0
1059,14,0
1060,11,0
1061,77,0
1062,12,0
1063,134,0
1064,58,0
1065,11,0
1066,100,0
1067,11,0
1068,3,0
1069,111,0
1070,109,0
1071,21,0
1072,111,0
1073,11,0
1074,2,0
1075,11,0
1076,67,0
1077,18,0
1078,7,0
1079,11,0
1080,185,0
1081,95,0
1082,61,0
1083,70,0
1084,12,0
1085,10,0
1086,11,0
1087,11,0
1088,7,0
1089,1,0
1090,19,0
1091,209,0
1092,7,0
1093,67,0
1094,7,0
1095,11,0
1096,2,0
1097,165,0
1098,12,0
1099,77,0
1100,2,0
1101,210,0
1102,2,0
1103,48,0
1104,211,0
1105,7,0
1106,39,0
1107,23,0
1108,12,0
1109,11,0
1110,11,0
1111,46,0
1112,155,0
1113,204,0
1114,18,0
1115,111,0
1116,67,0
1117,2,0
1118,39,0
1119,7,0
1120,11,0
1121,212,0
1122,105,0
1123,62,0
1124,2,0
1125,19,0
1126,77,0
1127,11,0
1128,2,0
1129,0,0
1130,49,0
1131,111,0
1132,131,0
1133,14,0
1134,6,0
1135,11,0
1136,28,0
1137,62,0
1138,213,0
1139,75,0
1140,7,0
1141,214,0
1142,7,0
1143,39,0
1144,215,0
1145,48,0
1146,11,0
1147,17,0
1148,216,0
1149,217,0
1150,218,0
1151,56,0
1152,17,0
1153,189,0
1154,100,0
1155,23,0
1156,219,0
1157,220,0
1158,7,0
1159,7,0
1160,48,0
1161,17,0
1162,21,0
1163,7,0
1164,7,0
1165,105,0
1166,11,0
1167,0,0
1168,221,0
1169,111,0
1170,11,0
1171,0,0
1172,58,0
1173,21,0
1174,14,0
1175,7,0
1176,0,0
1177,20,0
1178,23,0
1179,6,0
1180,49,0
1181,222,0
1182,195,0
1183,160,0
1184,92,0
1185,39,0
1186,58,0
1187,40,0
1188,7,0
1189,17,0
1190,7,0
1191,2,0
1192,107,0
1193,22,0
1194,4,0
1195,190,0
1196,14,0
1197,2,0
1198,11,0
1199,21,0
1200,7,0
1201,11,0
1202,184,0
1203,11,0
1204,165,0
1205,123,0
1206,1,0
1207,2,0
1208,12,0
1209,39,0
1210,51,0
1211,19,0
1212,63,0
1213,2,0
1214,11,0
1215,17,0
1216,111,0
1217,129,0
1218,12,0
1219,11,0
1220,0,0
1221,25,0
1222,2,0
1223,1,0
1224,11,0
1225,113,0
1226,12,0
1227,21,0
1228,6,0
1229,93,0
1230,17,0
1231,223,0
1232,105,0
1233,54,0
1234,1,0
1235,1,0
1236,224,0
1237,109,0
1238,101,0
1239,225,0
1240,78,0
1241,57,0
1242,43,0
1243,1,0
1244,226,0
1245,7,0
1246,7,0
1247,17,0
1248,17,0
1249,109,0
1250,57,0
1251,11,0
1252,23,0
1253,23,0
1254,97,0
1255,17,0
1256,2,0
1257,152,0
1258,222,0
1259,2,0
1260,12,0
1261,227,0
1262,11,0
1263,2,0
1264,211,0
1265,2,0
1266,228,0
1267,11,0
1268,133,0
1269,63,0
1270,28,0
1271,229,0
1272,112,0
1273,11,0
1274,7,0
1275,2,0
1276,63,0
1277,7,0
1278,100,0
1279,230,0
1280,7,0
1281,56,0
1282,7,0
1283,21,0
1284,46,0
1285,23,0
1286,87,0
1287,67,0
1288,231,0
1289,83,0
1290,7,0
1291,2,0
1292,14,0
1293,97,0
1294,10,0
1295,128,0
1296,105,0
1297,6,0
1298,111,0
1299,75,0
1300,7,0
1301,7,0
1302,48,0
1303,2,0
1304,12,0
1305,232,0
1306,2,0
1307,233,0
1308,4,0
1309,11,0
1310,22,0
1311,7,0
1312,111,0
1313,11,0
1314,52,0
1315,17,0
1316,1,0
1317,111,0
1318,11,0
1319,234,0
1320,1,0
1321,11,0
1322,7,0
1323,11,0
1324,12,0
1325,92,0
1326,191,0
1327,6,0
1328,138,0
1329,0,0
1330,235,0
1331,134,0
1332,2,0
1333,28,0
1334,0,0
1335,11,0
1336,7,0
1337,11,0
1338,111,0
1339,113,0
1340,144,0
1341,196,0
1342,23,0
1343,56,0
1344,236,0
1345,23,0
1346,101,0
1347,11,0
1348,48,0
1349,6,0
1350,192,0
1351,6,0
1352,211,0
1353,21,0
1354,58,0
1355,9,0
1356,52,0
1357,2,0
1358,7,0
1359,14,0
1360,11,0
1361,237,0
1362,21,0
1363,11,0
1364,43,0
1365,87,0
1366,133,0
1367,11,0
1368,40,0
1369,238,0
1370,121,0
1371,239,0
1372,7,0
1373,1,0
1374,94,0
1375,111,0
1376,101,0
1377,11,0
1378,2,0
1379,23,0
1380,113,0
1381,39,0
1382,11,0
1383,28,0
1384,7,0
1385,1,0
1386,240,0
1387,28,0
1388,204,0
1389,133,0
1390,12,0
1391,105,0
1392,241,0
1393,242,0
1394,191,0
1395,243,0
1396,113,0
1397,48,0
1398,100,0
1399,11,0
1400,21,0
1401,11,0
1402,1,0
1403,182,0
1404,11,0
1405,21,0
1406,244,0
1407,58,0
1408,2,0
1409,245,0
1410,58,0
1411,1,0
1412,44,0
1413,48,0
1414,23,0
1415,48,0
1416,191,0
1417,58,0
1418,14,0
1419,246,0
1420,1,0
1421,40,0
1422,121,0
1423,75,0
1424,247,0
1425,248,0
1426,48,0
1427,48,0
1428,11,0
1429,101,0
1430,216,0
1431,211,0
1432,17,0
1433,11,0
1434,11,0
1435,11,0
1436,2,0
1437,105,0
1438,48,0
1439,234,0
1440,12,0
1441,2,0
1442,21,0
1443,21,0
1444,14,0
1445,12,0
1446,52,0
1447,12,0
1448,7,0
1449,0,0
1450,249,0
1451,152,0
1452,48,0
1453,250,0
1454,11,0
1455,2,0
1456,7,0
1457,251,0
1458,11,0
1459,67,0
1460,7,0
1461,2,0
1462,125,0
1463,54,0
1464,11,0
1465,252,0
1466,11,0
1467,74,0
1468,11,0
1469,1,0
1470,71,0
1471,11,0
1472,253,0
1473,254,0
1474,11,0
1475,12,0
1476,3,0
1477,11,0
1478,2,0
1479,2,0
1480,152,0
1481,21,0
1482,255,0
1483,0,0
1484,12,0
1485,56,0
1486,21,0
1487,16,0
1488,256,0
1489,14,0
1490,23,0
1491,21,0
1492,257,0
1493,11,0
1494,48,0
1495,94,0
1496,12,0
1497,11,0
1498,2,0
1499,17,0
1500,1,0
1501,11,0
1502,14,0
1503,2,0
1504,258,0
1505,6,0
1506,100,0
1507,259,0
1508,106,0
1509,23,0
1510,7,0
1511,260,0
1512,2,0
1513,28,0
1514,11,0
1515,48,0
1516,156,0
1517,48,0
1518,261,0
1519,11,0
1520,17,0
1521,66,0
1522,7,0
1523,1,0
1524,71,0
1525,23,0
1526,111,0
1527,152,0
1528,79,0
1529,262,0
1530,11,0
1531,61,0
1532,49,0
1533,57,0
1534,101,0
1535,2,0
1536,12,0
1537,77,0
1538,42,0
1539,55,0
1540,2,0
1541,214,0
1542,241,0
1543,18,0
1544,48,0
1545,69,0
1546,1,0
1547,11,0
1548,14,0
1549,8,0
1550,21,0
1551,10,0
1552,14,0
1553,18,0
1554,2,0
1555,21,0
1556,10,0
1557,11,0
1558,11,0
1559,11,0
1560,1,0
1561,3,0
1562,88,0
1563,3,0
1564,83,0
1565,25,0
1566,11,0
1567,11,0
1568,105,0
1569,38,0
1570,17,0
1571,134,0
1572,1,0
1573,11,0
1574,216,0
1575,11,0
1576,240,0
1577,94,0
1578,250,0
1579,39,0
1580,263,0
1581,11,0
1582,11,0
1583,67,0
1584,2,0
1585,211,0
1586,11,0
1587,2,0
1588,12,0
1589,65,0
1590,21,0
1591,17,0
1592,11,0
1593,264,0
1594,17,0
1595,2,0
1596,15,0
1597,265,0
1598,2,0
1599,11,0
1600,23,0
1601,4,0
1602,241,0
1603,266,0
1604,23,0
1605,121,0
1606,11,0
1607,113,0
1608,0,0
1609,97,0
1610,23,0
1611,81,0
1612,11,0
1613,4,0
1614,7,0
1615,21,0
1616,11,0
1617,2,0
1618,17,0
1619,17,0
1620,48,0
1621,2,0
1622,267,0
1623,268,0
1624,2,0
1625,49,0
1626,15,0
1627,2,0
1628,160,0
1629,111,0
1630,2,0
1631,11,0
1632,11,0
1633,11,0
1634,45,0
1635,12,0
1636,2,0
1637,269,0
1638,7,0
1639,105,0
1640,23,0
1641,111,0
1642,270,0
1643,39,0
1644,2,0
1645,7,0
1646,7,0
1647,23,0
1648,58,0
1649,23,0
1650,78,0
1651,2,0
1652,75,0
1653,1,0
1654,2,0
1655,47,0
1656,11,0
1657,11,0
1658,75,0
1659,13,0
1660,123,0
1661,11,0
1662,2,0
1663,157,0
1664,57,0
1665,1,0
1666,82,0
1667,38,0
1668,2,0
1669,2,0
1670,25,0
1671,2,0
1672,113,0
1673,2,0
1674,23,0
1675,11,0
1676,2,0
1677,2,0
1678,12,0
1679,0,0
1680,12,0
1681,11,0
1682,17,0
1683,107,0
1684,58,0
1685,11,0
1686,23,0
1687,11,0
1688,7,0
1689,39,0
1690,75,0
1691,2,0
1692,105,0
1693,4,0
1694,7,0
1695,23,0
1696,14,0
1697,75,0
1698,1,0
1699,230,0
1700,211,0
1701,189,0
1702,52,0
1703,17,0
1704,54,0
1705,59,0
1706,28,0
1707,2,0
1708,11,0
1709,99,0
1710,61,0
1711,21,0
1712,235,0
1713,4,0
1714,11,0
1715,2,0
1716,271,0
1717,2,0
1718,56,0
1719,27,0
1720,60,0
1721,8,0
1722,21,0
1723,21,0
1724,129,0
1725,11,0
1726,11,0
1727,12,0
1728,38,0
1729,11,0
1730,7,0
1731,7,0
1732,58,0
1733,21,0
1734,143,0
1735,191,0
1736,7,0
1737,21,0
1738,57,0
1739,12,0
1740,3,0
1741,272,0
1742,111,0
1743,11,0
1744,0,0
1745,11,0
1746,52,0
1747,11,0
1748,21,0
1749,1,0
1750,1,0
1751,11,0
1752,3,0
1753,63,0
1754,273,0
1755,8,0
1756,11,0
1757,7,0
1758,11,0
1759,67,0
1760,79,0
1761,39,0
1762,2,0
1763,274,0
1764,275,0
1765,0,0
1766,113,0
1767,78,0
1768,75,0
1769,15,0
1770,11,0
1771,11,0
1772,11,0
1773,46,0
1774,111,0
1775,11,0
1776,12,0
1777,39,0
1778,14,0
1779,38,0
1780,40,0
1781,276,0
1782,7,0
1783,1,0
1784,11,0
1785,0,0
1786,11,0
1787,18,0
1788,11,0
1789,7,0
1790,191,0
1791,11,0
1792,2,0
1793,2,0
1794,1,0
1795,2,0
1796,1,0
1797,73,0
1798,105,0
1799,11,0
1800,173,0
1801,2,0
1802,111,0
1803,121,0
1804,92,0
1805,179,0
1806,2,0
1807,114,0
1808,191,0
1809,130,0
1810,17,0
1811,277,0
1812,3,0
1813,8,0
1814,7,0
1815,13,0
1816,71,0
1817,7,0
1818,55,0
1819,23,0
1820,46,0
1821,2,0
1822,0,0
1823,0,0
1824,11,0
1825,11,0
1826,82,0
1827,39,0
1828,11,0
1829,211,0
1830,7,0
1831,11,0
1832,278,0
1833,48,0
1834,279,0
1835,111,0
1836,11,0
1837,11,0
1838,61,0
1839,111,0
1840,10,0
1841,67,0
1842,13,0
1843,23,0
1844,211,0
1845,15,0
1846,211,0
1847,11,0
1848,14,0
1849,11,0
1850,54,0
1851,15,0
1852,280,0
1853,281,0
1854,11,0
1855,60,0
1856,2,0
1857,11,0
1858,54,0
1859,14,0
1860,14,0
1861,105,0
1862,11,0
1863,111,0
1864,14,0
1865,12,0
1866,49,0
1867,78,0
1868,39,0
1869,77,0
1870,11,0
1871,45,0
1872,21,0
1873,49,0
1874,2,0
1875,282,0
1876,2,0
1877,1,0
1878,80,0
1879,46,0
1880,267,0
1881,57,0
1882,283,0
1883,12,0
1884,52,0
1885,173,0
1886,15,0
1887,165,0
1888,11,0
1889,221,0
1890,21,0
1891,39,0
1892,10,0
1893,11,0
1894,2,0
1895,20,0
1896,19,0
1897,2,0
1898,11,0
1899,48,0
1900,39,0
1901,235,0
1902,11,0
1903,83,0
1904,1,0
1905,15,0
1906,0,0
1907,256,0
1908,2,0
1909,284,0
1910,17,0
1911,9,0
1912,11,0
1913,2,0
1914,14,0
1915,23,0
1916,79,0
1917,11,0
1918,17,0
1919,61,0
1920,14,0
1921,2,0
1922,2,0
1923,7,0
1924,185,0
1925,7,0
1926,14,0
1927,111,0
1928,14,0
1929,285,0
1930,83,0
1931,12,0
1932,11,0
1933,3,0
1934,12,0
1935,11,0
1936,23,0
1937,39,0
1938,2,0
1939,39,0
1940,17,0
1941,222,0
1942,1,0
1943,286,0
1944,39,0
1945,256,0
1946,116,0
1947,14,0
1948,2,0
1949,160,0
1950,2,0
1951,113,0
1952,23,0
1953,40,0
1954,11,0
1955,14,0
1956,52,0
1957,10,0
1958,25,0
1959,2,0
1960,48,0
1961,2,0
1962,2,0
1963,2,0
1964,111,0
1965,11,0
1966,11,0
1967,11,0
1968,113,0
1969,39,0
1970,191,0
1971,17,0
1972,2,0
1973,48,0
1974,17,0
1975,23,0
1976,23,0
1977,116,0
1978,6,0
1979,2,0
1980,2,0
1981,111,0
1982,2,0
1983,71,0
1984,52,0
1985,17,0
1986,21,0
1987,176,0
1988,105,0
1989,11,0
1990,24,0
1991,184,0
1992,287,0
1993,288,0
1994,12,0
1995,200,0
1996,18,0
1997,23,0
1998,14,0
1999,203,0
2000,48,0
2001,268,0
2002,11,0
2003,289,0
2004,65,0
2005,2,0
2006,16,0
2007,1,0
2008,81,0
2009,11,0
2010,262,0
2011,12,0
2012,11,0
2013,1,0
2014,11,0
2015,12,0
2016,54,0
2017,61,0
2018,11,0
2019,2,0
2020,21,0
2021,290,0
2022,11,0
2023,2,0
2024,11,0
2025,64,0
2026,7,0
2027,4,0
2028,2,0
2029,7,0
2030,0,0
2031,48,0
2032,18,0
2033,7,0
2034,211,0
2035,56,0
2036,2,0
2037,137,0
2038,18,0
2039,291,0
2040,46,0
2041,51,0
2042,18,0
2043,14,0
2044,6,0
2045,12,0
2046,18,0
2047,14,0
2048,73,0
2049,46,0
2050,11,0
2051,2,0
2052,11,0
2053,12,0
2054,23,0
2055,60,0
2056,17,0
2057,241,0
2058,292,0
2059,11,0
2060,2,0
2061,14,0
2062,7,0
2063,11,0
2064,2,0
2065,83,0
2066,4,0
2067,293,0
2068,54,0
2069,156,0
2070,14,0
2071,294,0
2072,111,0
2073,17,0
2074,295,0
2075,2,0
2076,2,0
2077,11,0
2078,54,0
2079,2,0
2080,4,0
2081,28,0
2082,83,0
2083,12,0
2084,268,0
2085,2,0
2086,19,0
2087,52,0
2088,2,0
2089,23,0
2090,56,0
2091,288,0
2092,7,0
2093,54,0
2094,12,0
2095,57,0
2096,1,0
2097,54,0
2098,1,0
2099,211,0
2100,14,0
2101,83,0
2102,11,0
2103,241,0
2104,129,0
2105,11,0
2106,2,0
2107,21,0
2108,77,0
2109,12,0
2110,21,0
2111,11,0
2112,287,0
2113,7,0
2114,30,0
2115,296,0
2116,14,0
2117,48,0
2118,147,0
2119,11,0
2120,11,0
2121,11,0
2122,2,0
2123,11,0
2124,7,0
2125,71,0
2126,1,0
2127,7,0
2128,14,0
2129,8,0
2130,2,0
2131,52,0
2132,57,0
2133,2,0
2134,57,0
2135,47,0
2136,2,0
2137,11,0
2138,2,0
2139,11,0
2140,156,0
2141,3,0
2142,7,0
2143,268,0
2144,8,0
2145,11,0
2146,247,0
2147,2,0
2148,30,0
2149,19,0
2150,221,0
2151,2,0
2152,0,0
2153,11,0
2154,7,0
2155,15,0
2156,7,0
2157,0,0
2158,11,0
2159,11,0
2160,21,0
2161,21,0
2162,12,0
2163,11,0
2164,23,0
2165,19,0
2166,1,0
2167,2,0
2168,1,0
2169,111,0
2170,7,0
2171,11,0
2172,11,0
2173,2,0
2174,107,0
2175,295,0
2176,23,0
2177,160,0
2178,12,0
2179,39,0
2180,126,0
2181,14,0
2182,297,0
2183,54,0
2184,3,0
2185,11,0
2186,11,0
2187,101,0
2188,2,0
2189,240,0
2190,298,0
2191,39,0
2192,123,0
2193,11,0
2194,299,0
2195,7,0
2196,49,0
2197,7,0
2198,71,0
2199,14,0
2200,77,0
2201,2,0
2202,300,0
2203,2,0
2204,99,0
2205,246,0
2206,11,0
2207,105,0
2208,156,0
2209,67,0
2210,11,0
2211,184,0
2212,11,0
2213,14,0
2214,25,0
2215,69,0
2216,301,0
2217,11,0
2218,31,0
2219,48,0
2220,209,0
2221,48,0
2222,21,0
2223,302,0
2224,11,0
2225,11,0
2226,18,0
2227,69,0
2228,54,0
2229,160,0
2230,105,0
2231,12,0
2232,303,1
2233,304,1
2234,305,1
2235,306,1
2236,305,1
2237,307,1
2238,308,1
2239,309,1
2240,310,1
2241,311,1
2242,312,1
2243,313,1
2244,303,1
2245,314,1
2246,315,1
2247,316,1
2248,305,1
2249,317,1
2250,318,1
2251,319,1
2252,320,1
2253,321,1
2254,322,1
2255,323,1
2256,306,1
2257,324,1
2258,325,1
2259,326,1
2260,305,1
2261,327,1
2262,328,1
2263,329,1
2264,308,1
2265,330,1
2266,306,1
2267,331,1
2268,303,1
2269,317,1
2270,332,1
2271,327,1
2272,333,1
2273,334,1
2274,335,1
2275,336,1
2276,337,1
2277,338,1
2278,339,1
2279,340,1
2280,309,1
2281,311,1
2282,341,1
2283,335,1
2284,342,1
2285,343,1
2286,344,1
2287,345,1
2288,346,1
2289,309,1
2290,308,1
2291,347,1
2292,309,1
2293,348,1
2294,349,1
2295,350,1
2296,338,1
2297,351,1
2298,341,1
2299,308,1
2300,352,1
2301,303,1
2302,353,1
2303,354,1
2304,355,1
2305,338,1
2306,356,1
2307,303,1
2308,357,1
2309,358,1
2310,359,1
2311,360,1
2312,361,1
2313,311,1
2314,342,1
2315,308,1
2316,334,1
2317,334,1
2318,334,1
2319,356,1
2320,352,1
2321,356,1
2322,360,1
2323,362,1
2324,363,1
2325,356,1
2326,356,1
2327,348,1
2328,364,1
2329,352,1
2330,352,1
2331,343,1
2332,343,1
2333,365,1
2334,360,1
2335,336,1
2336,366,1
2337,367,1
2338,368,1
2339,361,1
2340,356,1
2341,369,1
2342,335,1
2343,338,1
2344,342,1
2345,370,1
2346,360,1
2347,371,1
2348,336,1
2349,336,1
2350,308,1
2351,335,1
2352,308,1
2353,335,1
2354,309,1
2355,372,1
2356,373,1
2357,311,1
2358,311,1
2359,311,1
2360,311,1
2361,342,1
2362,348,1
2363,374,1
2364,311,1
2365,336,1
2366,303,1
2367,348,1
2368,375,1
2369,334,1
2370,376,1
2371,348,1
2372,338,1
2373,338,1
2374,335,1
2375,377,1
2376,343,1
2377,376,1
2378,378,1
2379,352,1
2380,360,1
2381,379,1
2382,356,1
2383,361,1
2384,356,1
2385,356,1
2386,352,1
2387,353,1
2388,380,1
2389,360,1
2390,360,1
2391,356,1
2392,350,1
2393,381,1
2394,382,1
2395,352,1
2396,382,1
2397,379,1
2398,338,1
2399,379,1
2400,376,1
2401,376,1
2402,363,1
2403,343,1
2404,383,1
2405,375,1
2406,370,1
2407,384,1
2408,356,1
2409,360,1
2410,360,1
2411,370,1
2412,385,1
2413,356,1
2414,360,1
2415,343,1
2416,336,1
2417,342,1
2418,311,1
2419,311,1
2420,360,1
2421,386,1
2422,376,1
2423,376,1
2424,360,1
2425,360,1
2426,369,1
2427,370,1
2428,348,1
2429,356,1
2430,387,1
2431,303,1
2432,334,1
2433,374,1
2434,311,1
2435,388,1
2436,389,1
2437,360,1
2438,376,1
2439,390,1
2440,376,1
2441,369,1
2442,356,1
2443,369,1
2444,356,1
2445,356,1
2446,357,1
2447,391,1
2448,343,1
2449,361,1
2450,356,1
2451,335,1
2452,376,1
2453,361,1
2454,357,1
2455,369,1
2456,334,1
2457,375,1
2458,347,1
2459,376,1
2460,379,1
2461,376,1
2462,335,1
2463,361,1
2464,392,1
2465,369,1
2466,385,1
2467,393,1
2468,394,1
2469,376,1
2470,376,1
2471,376,1
2472,376,1
2473,335,1
2474,395,1
2475,343,1
2476,360,1
2477,338,1
2478,370,1
2479,352,1
2480,338,1
2481,311,1
2482,352,1
2483,334,1
2484,308,1
2485,395,1
2486,379,1
2487,338,1
2488,338,1
2489,311,1
2490,396,1
2491,397,1
2492,305,1
2493,398,1
2494,399,1
2495,303,1
2496,374,1
2497,400,1
2498,401,1
2499,308,1
2500,374,1
2501,354,1
2502,402,1
2503,348,1
2504,403,1
2505,404,1
2506,356,1
2507,405,1
2508,403,1
2509,348,1
2510,403,1
2511,305,1
2512,208,1
2513,406,1
2514,303,1
2515,308,1
2516,376,1
2517,356,1
2518,348,1
2519,303,1
2520,348,1
2521,338,1
2522,374,1
2523,338,1
2524,407,1
2525,342,1
2526,360,1
2527,403,1
2528,403,1
2529,408,1
2530,374,1
2531,401,1
2532,374,1
2533,348,1
2534,409,1
2535,410,1
2536,411,1
2537,412,1
2538,413,1
2539,414,1
2540,415,1
2541,416,1
2542,417,1
2543,326,1
2544,418,1
2545,311,1
2546,376,1
2547,419,1
2548,356,1
2549,334,1
2550,379,1
2551,343,1
2552,308,1
2553,420,1
2554,356,1
2555,349,1
2556,421,1
2557,422,1
2558,423,1
2559,424,1
2560,425,1
2561,379,1
2562,338,1
2563,353,1
2564,306,1
2565,426,1
2566,368,1
2567,370,1
2568,386,1
2569,348,1
2570,427,1
2571,342,1
2572,428,1
2573,381,1
2574,429,1
2575,356,1
2576,379,1
2577,430,1
2578,405,1
2579,363,1
2580,431,1
2581,432,1
2582,433,1
2583,311,1
2584,374,1
2585,401,1
2586,324,1
2587,305,1
2588,434,1
2589,432,1
2590,324,1
2591,326,1
2592,435,1
2593,436,1
2594,334,1
2595,334,1
2596,383,1
2597,435,1
2598,368,1
2599,437,1
2600,438,1
2601,361,1
2602,439,1
2603,440,1
2604,356,1
2605,394,1
2606,441,1
2607,442,1
2608,335,1
2609,334,1
2610,334,1
2611,324,1
2612,338,1
2613,348,1
2614,443,1
2615,386,1
2616,444,1
2617,311,1
2618,445,1
2619,335,1
2620,321,1
2621,446,1
2622,391,1
2623,447,1
2624,401,1
2625,448,1
2626,352,1
2627,449,1
2628,303,1
2629,398,1
2630,386,1
2631,348,1
2632,364,1
2633,380,1
2634,360,1
2635,352,1
2636,450,1
2637,342,1
2638,305,1
2639,449,1
2640,303,1
2641,451,1
2642,305,1
2643,309,1
2644,452,1
2645,305,1
2646,348,1
2647,449,1
2648,303,1
2649,453,1
2650,454,1
2651,452,1
2652,324,1
2653,455,1
2654,374,1
2655,456,1
2656,348,1
2657,308,1
2658,457,1
2659,458,1
2660,424,1
2661,334,1
2662,459,1
2663,460,1
2664,338,1
2665,386,1
2666,361,1
2667,303,1
2668,324,1
2669,461,1
2670,412,1
2671,370,1
2672,356,1
2673,462,1
2674,352,1
2675,338,1
2676,305,1
2677,334,1
2678,463,1
2679,464,1
2680,334,1
2681,352,1
2682,348,1
2683,465,1
2684,308,1
2685,363,1
2686,466,1
2687,352,1
2688,361,1
2689,338,1
2690,376,1
2691,376,1
2692,379,1
2693,343,1
2694,394,1
2695,309,1
2696,370,1
2697,348,1
2698,370,1
2699,467,1
2700,348,1
2701,334,1
2702,308,1
2703,468,1
2704,308,1
2705,338,1
2706,338,1
2707,338,1
2708,348,1
2709,338,1
2710,309,1
2711,348,1
2712,394,1
2713,303,1
2714,469,1
2715,356,1
2716,341,1
2717,470,1
2718,471,1
2719,309,1
2720,472,1
2721,352,1
2722,360,1
2723,360,1
2724,473,1
2725,382,1
2726,368,1
2727,474,1
2728,475,1
2729,438,1
2730,440,1
2731,385,1
2732,356,1
2733,424,1
2734,334,1
2735,404,1
2736,440,1
2737,418,1
2738,348,1
2739,335,1
2740,321,1
2741,476,1
2742,477,1
2743,478,1
2744,327,1
2745,311,1
2746,308,1
2747,479,1
2748,352,1
2749,311,1
2750,361,1
2751,363,1
2752,308,1
2753,311,1
2754,480,1
2755,348,1
2756,308,1
2757,481,1
2758,36,1
2759,482,1
2760,483,1
2761,356,1
2762,403,1
2763,338,1
2764,401,1
2765,399,1
2766,484,1
2767,381,1
2768,485,1
2769,486,1
2770,386,1
2771,352,1
2772,472,1
2773,429,1
2774,376,1
2775,376,1
2776,360,1
2777,487,1
2778,386,1
2779,306,1
2780,356,1
2781,488,1
2782,360,1
2783,396,1
2784,356,1
2785,489,1
2786,308,1
2787,490,1
2788,348,1
2789,338,1
2790,356,1
2791,348,1
2792,352,1
2793,338,1
2794,491,1
2795,305,1
2796,324,1
2797,305,1
2798,492,1
2799,303,1
2800,303,1
2801,493,1
2802,403,1
2803,307,1
2804,403,1
2805,334,1
2806,303,1
2807,335,1
2808,458,1
2809,322,1
2810,303,1
2811,494,1
2812,386,1
2813,334,1
2814,376,1
2815,360,1
2816,309,1
2817,495,1
2818,303,1
2819,360,1
2820,401,1
2821,305,1
2822,305,1
2823,305,1
2824,496,1
2825,305,1
2826,376,1
2827,497,1
2828,498,1
2829,390,1
2830,348,1
2831,305,1
2832,324,1
2833,325,1
2834,499,1
2835,303,1
2836,423,1
2837,469,1
2838,348,1
2839,386,1
2840,327,1
2841,403,1
2842,500,1
2843,501,1
2844,502,1
2845,440,1
2846,334,1
2847,322,1
2848,311,1
2849,503,1
2850,349,1
2851,504,1
2852,505,1
2853,506,1
2854,494,1
2855,507,1
2856,353,1
2857,508,1
2858,305,1
2859,303,1
2860,356,1
2861,357,1
2862,353,1
2863,509,1
2864,303,1
2865,303,1
2866,360,1
2867,494,1
2868,510,1
2869,511,1
2870,364,1
2871,356,1
2872,512,1
2873,513,1
2874,305,1
2875,342,1
2876,311,1
2877,432,1
2878,356,1
2879,338,1
2880,469,1
2881,303,1
2882,335,1
2883,487,1
2884,386,1
2885,514,1
2886,326,1
2887,378,1
2888,379,1
2889,515,1
2890,516,1
2891,361,1
2892,361,1
2893,308,1
2894,386,1
2895,517,1
2896,303,1
2897,401,1
2898,356,1
2899,347,1
2900,348,1
2901,518,1
2902,319,1
2903,519,1
2904,427,1
2905,357,1
2906,308,1
2907,303,1
2908,449,1
2909,309,1
2910,343,1
2911,352,1
2912,520,1
2913,521,1
2914,306,1
2915,356,1
2916,338,1
2917,306,1
2918,356,1
2919,342,1
2920,522,1
2921,303,1
2922,352,1
2923,352,1
2924,515,1
2925,374,1
2926,368,1
