accuracy,precision,recall,f1,roc_auc,pr_auc,ece,tn,fp,fn,tp,seed,model,split_type,noise_group,noise_rate,weight_text
0.9704545454545455,0.9893617021276596,0.8857142857142857,0.9346733668341709,0.9932338308457712,0.9826590167794859,0.02877500516240161,334,1,12,93,13,retuned_text_hrkg_late_fusion,transcript,entity,0.0,0.55
0.9681818181818181,0.989247311827957,0.8761904761904762,0.9292929292929293,0.994314143567875,0.9840737068676564,0.031321705970753885,334,1,13,92,13,retuned_text_hrkg_late_fusion,transcript,entity,0.05,0.55
0.9704545454545455,0.9893617021276596,0.8857142857142857,0.9346733668341709,0.9934896943852167,0.9837321003103047,0.0341276549427662,334,1,12,93,13,retuned_text_hrkg_late_fusion,transcript,entity,0.1,0.55
0.9681818181818181,0.989247311827957,0.8761904761904762,0.9292929292929293,0.9933759772565742,0.9836115027459679,0.02681032103668275,334,1,13,92,13,retuned_text_hrkg_late_fusion,transcript,entity,0.2,0.55
0.9704545454545455,0.9893617021276596,0.8857142857142857,0.9346733668341709,0.9934612651030562,0.9824099676106144,0.030610001011936408,334,1,12,93,13,retuned_text_hrkg_late_fusion,transcript,entity,0.3,0.55
0.9704545454545455,0.9893617021276596,0.8857142857142857,0.9346733668341709,0.9932338308457712,0.9826590167794859,0.02877500516240161,334,1,12,93,13,retuned_text_hrkg_late_fusion,transcript,relation,0.0,0.55
0.9704545454545455,0.9893617021276596,0.8857142857142857,0.9346733668341709,0.9929495380241649,0.9823618757989238,0.032355660740749775,334,1,12,93,13,retuned_text_hrkg_late_fusion,transcript,relation,0.05,0.55
0.9704545454545455,0.9893617021276596,0.8857142857142857,0.9346733668341709,0.9926652452025586,0.9816718545649075,0.0303682636243914,334,1,12,93,13,retuned_text_hrkg_late_fusion,transcript,relation,0.1,0.55
0.9704545454545455,0.9893617021276596,0.8857142857142857,0.9346733668341709,0.9933759772565742,0.9827202970125815,0.03160510929267164,334,1,12,93,13,retuned_text_hrkg_late_fusion,transcript,relation,0.2,0.55
0.9704545454545455,0.9893617021276596,0.8857142857142857,0.9346733668341709,0.9925515280739161,0.9808845235918819,0.032713433908738175,334,1,12,93,13,retuned_text_hrkg_late_fusion,transcript,relation,0.3,0.55
0.9704545454545455,0.9893617021276596,0.8857142857142857,0.9346733668341709,0.9932338308457712,0.9826590167794859,0.02877500516240161,334,1,12,93,13,retuned_text_hrkg_late_fusion,transcript,qualifier,0.0,0.55
0.9704545454545455,0.9893617021276596,0.8857142857142857,0.9346733668341709,0.993091684434968,0.9823949153014038,0.030179206595235084,334,1,12,93,13,retuned_text_hrkg_late_fusion,transcript,qualifier,0.05,0.55
0.9704545454545455,0.9893617021276596,0.8857142857142857,0.9346733668341709,0.9932338308457711,0.9831476088110807,0.03196298579750559,334,1,12,93,13,retuned_text_hrkg_late_fusion,transcript,qualifier,0.1,0.55
0.9727272727272728,0.9894736842105263,0.8952380952380953,0.94,0.9933759772565743,0.9836606160433913,0.0337196582858581,334,1,11,94,13,retuned_text_hrkg_late_fusion,transcript,qualifier,0.2,0.55
0.9727272727272728,0.9894736842105263,0.8952380952380953,0.94,0.9934896943852167,0.9838291108326709,0.03128217919140122,334,1,11,94,13,retuned_text_hrkg_late_fusion,transcript,qualifier,0.3,0.55
0.9818181818181818,0.9801980198019802,0.9428571428571428,0.9611650485436893,0.9978678038379531,0.9935241636328911,0.023757399961745303,333,2,6,99,17,retuned_text_hrkg_late_fusion,transcript,entity,0.0,0.5
0.9818181818181818,0.9801980198019802,0.9428571428571428,0.9611650485436893,0.9978393745557925,0.9934438040477094,0.025080437498868405,333,2,6,99,17,retuned_text_hrkg_late_fusion,transcript,entity,0.05,0.5
0.9840909090909091,0.9803921568627451,0.9523809523809523,0.966183574879227,0.9979815209665955,0.9938168048446295,0.026095984226985985,333,2,5,100,17,retuned_text_hrkg_late_fusion,transcript,entity,0.1,0.5
0.9840909090909091,0.9803921568627451,0.9523809523809523,0.966183574879227,0.9978962331201138,0.9935564633701154,0.02640052764526239,333,2,5,100,17,retuned_text_hrkg_late_fusion,transcript,entity,0.2,0.5
0.9818181818181818,0.9801980198019802,0.9428571428571428,0.9611650485436893,0.99772565742715,0.9931386784629863,0.032445959307533793,333,2,6,99,17,retuned_text_hrkg_late_fusion,transcript,entity,0.3,0.5
0.9818181818181818,0.9801980198019802,0.9428571428571428,0.9611650485436893,0.9978678038379531,0.9935241636328911,0.023757399961745303,333,2,6,99,17,retuned_text_hrkg_late_fusion,transcript,relation,0.0,0.5
0.9795454545454545,0.98,0.9333333333333333,0.9560975609756097,0.9975266524520255,0.992490962381529,0.023516130540666275,333,2,7,98,17,retuned_text_hrkg_late_fusion,transcript,relation,0.05,0.5
0.9818181818181818,0.9801980198019802,0.9428571428571428,0.9611650485436893,0.997498223169865,0.9922915096381929,0.028758053205776096,333,2,6,99,17,retuned_text_hrkg_late_fusion,transcript,relation,0.1,0.5
0.9840909090909091,0.9803921568627451,0.9523809523809523,0.966183574879227,0.9980383795309168,0.9939673538599024,0.029310861892536292,333,2,5,100,17,retuned_text_hrkg_late_fusion,transcript,relation,0.2,0.5
0.9840909090909091,0.9803921568627451,0.9523809523809523,0.966183574879227,0.9978109452736318,0.9933934629022021,0.027487549920415428,333,2,5,100,17,retuned_text_hrkg_late_fusion,transcript,relation,0.3,0.5
0.9818181818181818,0.9801980198019802,0.9428571428571428,0.9611650485436893,0.9978678038379531,0.9935241636328911,0.023757399961745303,333,2,6,99,17,retuned_text_hrkg_late_fusion,transcript,qualifier,0.0,0.5
0.9818181818181818,0.9801980198019802,0.9428571428571428,0.9611650485436893,0.9978109452736319,0.9933410101008019,0.02543446204447006,333,2,6,99,17,retuned_text_hrkg_late_fusion,transcript,qualifier,0.05,0.5
0.9795454545454545,0.98,0.9333333333333333,0.9560975609756097,0.9975835110163469,0.9925416874050585,0.0178014235329718,333,2,7,98,17,retuned_text_hrkg_late_fusion,transcript,qualifier,0.1,0.5
0.9840909090909091,0.9803921568627451,0.9523809523809523,0.966183574879227,0.9980099502487562,0.993975037433344,0.024214069533109762,333,2,5,100,17,retuned_text_hrkg_late_fusion,transcript,qualifier,0.2,0.5
0.9818181818181818,0.9801980198019802,0.9428571428571428,0.9611650485436893,0.9977825159914713,0.9931661654343115,0.023343931068698278,333,2,6,99,17,retuned_text_hrkg_late_fusion,transcript,qualifier,0.3,0.5
0.9863636363636363,0.9900990099009901,0.9523809523809523,0.970873786407767,0.9978678038379531,0.9938508109727215,0.0299340192573991,334,1,5,100,23,retuned_text_hrkg_late_fusion,transcript,entity,0.0,0.5
0.9863636363636363,0.9900990099009901,0.9523809523809523,0.970873786407767,0.9978678038379531,0.9938508109727217,0.030818246258391573,334,1,5,100,23,retuned_text_hrkg_late_fusion,transcript,entity,0.05,0.5
0.9863636363636363,0.9900990099009901,0.9523809523809523,0.970873786407767,0.9976972281449893,0.993388885129054,0.02674369360863279,334,1,5,100,23,retuned_text_hrkg_late_fusion,transcript,entity,0.1,0.5
0.9863636363636363,0.9900990099009901,0.9523809523809523,0.970873786407767,0.9978962331201138,0.9939190859346866,0.02983639510933639,334,1,5,100,23,retuned_text_hrkg_late_fusion,transcript,entity,0.2,0.5
0.9863636363636363,0.9900990099009901,0.9523809523809523,0.970873786407767,0.9979530916844349,0.9941723803787051,0.034698425274233544,334,1,5,100,23,retuned_text_hrkg_late_fusion,transcript,entity,0.3,0.5
0.9863636363636363,0.9900990099009901,0.9523809523809523,0.970873786407767,0.9978678038379531,0.9938508109727215,0.0299340192573991,334,1,5,100,23,retuned_text_hrkg_late_fusion,transcript,relation,0.0,0.5
0.9863636363636363,0.9900990099009901,0.9523809523809523,0.970873786407767,0.9977540867093107,0.9935641014037154,0.03267280836186369,334,1,5,100,23,retuned_text_hrkg_late_fusion,transcript,relation,0.05,0.5
0.9863636363636363,0.9900990099009901,0.9523809523809523,0.970873786407767,0.9976403695806682,0.993290006800581,0.031500484474593936,334,1,5,100,23,retuned_text_hrkg_late_fusion,transcript,relation,0.1,0.5
0.9863636363636363,0.9900990099009901,0.9523809523809523,0.970873786407767,0.9979246624022743,0.9940568782006111,0.031616668119703685,334,1,5,100,23,retuned_text_hrkg_late_fusion,transcript,relation,0.2,0.5
0.9863636363636363,0.9900990099009901,0.9523809523809523,0.970873786407767,0.9980383795309168,0.9943009985571045,0.0319920332510062,334,1,5,100,23,retuned_text_hrkg_late_fusion,transcript,relation,0.3,0.5
0.9863636363636363,0.9900990099009901,0.9523809523809523,0.970873786407767,0.9978678038379531,0.9938508109727215,0.0299340192573991,334,1,5,100,23,retuned_text_hrkg_late_fusion,transcript,qualifier,0.0,0.5
0.9863636363636363,0.9900990099009901,0.9523809523809523,0.970873786407767,0.9978678038379531,0.9938716212844009,0.02954758958225623,334,1,5,100,23,retuned_text_hrkg_late_fusion,transcript,qualifier,0.05,0.5
0.9863636363636363,0.9900990099009901,0.9523809523809523,0.970873786407767,0.9978962331201138,0.9939489945760598,0.02930605061842875,334,1,5,100,23,retuned_text_hrkg_late_fusion,transcript,qualifier,0.1,0.5
0.9863636363636363,0.9900990099009901,0.9523809523809523,0.970873786407767,0.9978393745557925,0.9936933671462652,0.027723993139414663,334,1,5,100,23,retuned_text_hrkg_late_fusion,transcript,qualifier,0.2,0.5
0.9863636363636363,0.9900990099009901,0.9523809523809523,0.970873786407767,0.9980383795309168,0.9942471322217442,0.025058336323698905,334,1,5,100,23,retuned_text_hrkg_late_fusion,transcript,qualifier,0.3,0.5
0.9840909090909091,1.0,0.9333333333333333,0.9655172413793104,0.9995167022032693,0.9984755223270128,0.023902080598947235,335,0,7,98,29,retuned_text_hrkg_late_fusion,transcript,entity,0.0,0.5
0.9818181818181818,1.0,0.9238095238095239,0.9603960396039604,0.9993745557924663,0.9980449643263616,0.02475390488765212,335,0,8,97,29,retuned_text_hrkg_late_fusion,transcript,entity,0.05,0.5
0.9840909090909091,1.0,0.9333333333333333,0.9655172413793104,0.9993461265103056,0.9979532805838665,0.027972648473643363,335,0,7,98,29,retuned_text_hrkg_late_fusion,transcript,entity,0.1,0.5
0.9840909090909091,1.0,0.9333333333333333,0.9655172413793104,0.9993461265103056,0.9979937490443632,0.027171485113030143,335,0,7,98,29,retuned_text_hrkg_late_fusion,transcript,entity,0.2,0.5
0.9840909090909091,1.0,0.9333333333333333,0.9655172413793104,0.9992892679459844,0.9977980730597206,0.030041503795588696,335,0,7,98,29,retuned_text_hrkg_late_fusion,transcript,entity,0.3,0.5
0.9840909090909091,1.0,0.9333333333333333,0.9655172413793104,0.9995167022032693,0.9984755223270128,0.023902080598947235,335,0,7,98,29,retuned_text_hrkg_late_fusion,transcript,relation,0.0,0.5
0.9840909090909091,1.0,0.9333333333333333,0.9655172413793104,0.9994314143567875,0.9982301230829489,0.02474057738571887,335,0,7,98,29,retuned_text_hrkg_late_fusion,transcript,relation,0.05,0.5
0.9840909090909091,1.0,0.9333333333333333,0.9655172413793104,0.9993745557924663,0.998054675938965,0.025960214701594788,335,0,7,98,29,retuned_text_hrkg_late_fusion,transcript,relation,0.1,0.5
0.9840909090909091,1.0,0.9333333333333333,0.9655172413793104,0.999317697228145,0.9978671843794098,0.023746781760419673,335,0,7,98,29,retuned_text_hrkg_late_fusion,transcript,relation,0.2,0.5
0.9840909090909091,1.0,0.9333333333333333,0.9655172413793104,0.9992039800995025,0.9975503796721894,0.022681270023290758,335,0,7,98,29,retuned_text_hrkg_late_fusion,transcript,relation,0.3,0.5
0.9840909090909091,1.0,0.9333333333333333,0.9655172413793104,0.9995167022032693,0.9984755223270128,0.023902080598947235,335,0,7,98,29,retuned_text_hrkg_late_fusion,transcript,qualifier,0.0,0.5
0.9840909090909091,1.0,0.9333333333333333,0.9655172413793104,0.9995167022032693,0.9984755223270131,0.023784930040949545,335,0,7,98,29,retuned_text_hrkg_late_fusion,transcript,qualifier,0.05,0.5
0.9840909090909091,1.0,0.9333333333333333,0.9655172413793104,0.9994598436389481,0.9983020645864508,0.023057570062327084,335,0,7,98,29,retuned_text_hrkg_late_fusion,transcript,qualifier,0.1,0.5
0.9840909090909091,1.0,0.9333333333333333,0.9655172413793104,0.9994882729211088,0.9983936222451126,0.024152006864252902,335,0,7,98,29,retuned_text_hrkg_late_fusion,transcript,qualifier,0.2,0.5
0.9840909090909091,1.0,0.9333333333333333,0.9655172413793104,0.9993745557924661,0.9980318722149062,0.024339488510325795,335,0,7,98,29,retuned_text_hrkg_late_fusion,transcript,qualifier,0.3,0.5
0.990909090909091,0.9809523809523809,0.9809523809523809,0.9809523809523809,0.999317697228145,0.9980037378734363,0.02801858493487573,333,2,2,103,31,retuned_text_hrkg_late_fusion,transcript,entity,0.0,0.5
0.990909090909091,0.9809523809523809,0.9809523809523809,0.9809523809523809,0.9992608386638238,0.9978600906709656,0.027945728808382107,333,2,2,103,31,retuned_text_hrkg_late_fusion,transcript,entity,0.05,0.5
0.990909090909091,0.9809523809523809,0.9809523809523809,0.9809523809523809,0.9992892679459844,0.9979313055976142,0.0309979483200242,333,2,2,103,31,retuned_text_hrkg_late_fusion,transcript,entity,0.1,0.5
0.9886363636363636,0.9807692307692307,0.9714285714285714,0.9760765550239234,0.9989765458422175,0.997058996012198,0.0299497568600237,333,2,3,102,31,retuned_text_hrkg_late_fusion,transcript,entity,0.2,0.5
0.9886363636363636,0.9807692307692307,0.9714285714285714,0.9760765550239234,0.9987206823027719,0.996051623822223,0.030510326302823465,333,2,3,102,31,retuned_text_hrkg_late_fusion,transcript,entity,0.3,0.5
0.990909090909091,0.9809523809523809,0.9809523809523809,0.9809523809523809,0.999317697228145,0.9980037378734363,0.02801858493487573,333,2,2,103,31,retuned_text_hrkg_late_fusion,transcript,relation,0.0,0.5
0.9863636363636363,0.9805825242718447,0.9619047619047619,0.9711538461538461,0.9987206823027718,0.9962117180763399,0.02405490543311201,333,2,4,101,31,retuned_text_hrkg_late_fusion,transcript,relation,0.05,0.5
0.9886363636363636,0.9807692307692307,0.9714285714285714,0.9760765550239234,0.9989481165600568,0.9969331784197233,0.028968874113589834,333,2,3,102,31,retuned_text_hrkg_late_fusion,transcript,relation,0.1,0.5
0.9863636363636363,0.9805825242718447,0.9619047619047619,0.9711538461538461,0.9986638237384506,0.9960054799744169,0.024390992772975323,333,2,4,101,31,retuned_text_hrkg_late_fusion,transcript,relation,0.2,0.5
0.990909090909091,0.9809523809523809,0.9809523809523809,0.9809523809523809,0.9993745557924663,0.9981523815003409,0.03211421219044913,333,2,2,103,31,retuned_text_hrkg_late_fusion,transcript,relation,0.3,0.5
0.990909090909091,0.9809523809523809,0.9809523809523809,0.9809523809523809,0.999317697228145,0.9980037378734363,0.02801858493487573,333,2,2,103,31,retuned_text_hrkg_late_fusion,transcript,qualifier,0.0,0.5
0.990909090909091,0.9809523809523809,0.9809523809523809,0.9809523809523809,0.9993745557924663,0.9981543073677573,0.027689289300251056,333,2,2,103,31,retuned_text_hrkg_late_fusion,transcript,qualifier,0.05,0.5
0.990909090909091,0.9809523809523809,0.9809523809523809,0.9809523809523809,0.999317697228145,0.9980037378734363,0.027906830934181087,333,2,2,103,31,retuned_text_hrkg_late_fusion,transcript,qualifier,0.1,0.5
0.990909090909091,0.9809523809523809,0.9809523809523809,0.9809523809523809,0.999317697228145,0.9979284272627065,0.029870641123326363,333,2,2,103,31,retuned_text_hrkg_late_fusion,transcript,qualifier,0.2,0.5
0.990909090909091,0.9809523809523809,0.9809523809523809,0.9809523809523809,0.9993461265103056,0.9980590108187349,0.028986085574921404,333,2,2,103,31,retuned_text_hrkg_late_fusion,transcript,qualifier,0.3,0.5
